leader,leadid,country,scode,ccode,econ_style_first,econ_style_last,econ_style_alias
Bush,A2.9-70,United States,USA,2,george h.w.,bush,
Clinton,A2.9-73,United States,USA,2,bill,clinton,
G.W. Bush,A2.9-76,United States,USA,2,george w.,bush,
Obama,A3.0-1,United States,USA,2,barack,obama,
Trump,cb-002-01,United States,USA,2,donald,trump,
Mulroney,A2.9-142,Canada,CAN,20,brian,mulroney,
Kim Campbell,A2.9-145,Canada,CAN,20,kim,campbell,
Chretien,A2.9-148,Canada,CAN,20,jean,chrtien,
Paul Martin,A2.9-151,Canada,CAN,20,paul,martin,
Harper,A3.0-2,Canada,CAN,20,stephen,harper,
Trudeau,cb-20-1,Canada,CAN,20,justin,trudeau,
Balaguer,A2.9-478,Dominican Republic,DOM,42,joaquin,balaguer,
Fernandez Reyna,A2.9-481,Dominican Republic,DOM,42,leonel,fernandez,
Hipolito Mejia,A2.9-484,Dominican Republic,DOM,42,hipolito,mejia,
Fernandez Reyna,A2.9-487,Dominican Republic,DOM,42,leonel,fernandez,
Danilo Medina,cb-42-1,Dominican Republic,DOM,42,danilo,medina,
Manley,A2.9-505,Jamaica,JAM,51,michael,manley,
Patterson,A2.9-508,Jamaica,JAM,51,percival,patterson,p.j. patterson
Simpson Miller,A3.0-8,Jamaica,JAM,51,portia,simpson-miller,
Golding,A3.0-9,Jamaica,JAM,51,bruce,golding,
Holness,A3.0-10,Jamaica,JAM,51,andrew,holness,
Simpson Miller,cb-51-1,Jamaica,JAM,51,portia,simpson-miller,
Holness,kb-51-2,Jamaica,JAM,51,andrew,holness,
Manning,A2.9-520,Trinidad and Tobago,TRI,52,patrick,manning,
Panday,A2.9-523,Trinidad and Tobago,TRI,52,basdeo,panday,
Manning,A2.9-526,Trinidad and Tobago,TRI,52,patrick,manning,
Persad-Bissessar,A3.0-11,Trinidad and Tobago,TRI,52,kamla,persad-bissessar,
Rowley,cb-52-1,Trinidad and Tobago,TRI,52,keith,rowley,
Zedillo,A2.9-613,Mexico,MEX,70,ernesto,zedillo,
Vicente Fox Quesada,A2.9-616,Mexico,MEX,70,vincente,fox,
Calderon,A3.0-14,Mexico,MEX,70,felipe,calderon,
Enrique Pena Nieto,cb-70-1,Mexico,MEX,70,enrique,pena,enrique pena nieto
Lopez Obrador,ctb-70-2,Mexico,MEX,70,andres manuel,lopez obrador,amlo
Leon Carpio,A2.9-730,Guatemala,GUA,90,ramiro,de leon,ramiro de leon carpio
Arzu Yrigoyen,A2.9-733,Guatemala,GUA,90,alvaro,arzu,
Alfonso Portillo Cabrera,A2.9-736,Guatemala,GUA,90,alfonso,protillo,
Berger Perdomo,A2.9-739,Guatemala,GUA,90,oscar,berger,
Colom,A3.0-16,Guatemala,GUA,90,alvaro,colom,
Molina,cb-90-1,Guatemala,GUA,90,otto,molina,otto perez molina
Maldanado,cb-90-2,Guatemala,GUA,90,alejandro,maldanado,
Morales,cb-90-3,Guatemala,GUA,90,jimmy,morales,
Cristiani,A2.9-970,El Salvador,SAL,92,alfredo,cristiani,
Calderon Sol,A2.9-973,El Salvador,SAL,92,armando,calderon,armando calderon sol
Flores,A2.9-976,El Salvador,SAL,92,francisco,flores,
Saca Gonzšlez,A2.9-979,El Salvador,SAL,92,antonio,saca,tony saca
Funes,A3.0-20,El Salvador,SAL,92,mauricio,funes,
Salvador Sanchez Ceren,cb-92-1,El Salvador,SAL,92,salvador,sanchez,salvador sanchez ceren
Violeta Chamorro,A2.9-1066,Nicaragua,NIC,93,cioleta,chamorro,
Aleman,A2.9-1069,Nicaragua,NIC,93,arnoldo,aleman,
Enrique Bolanos,A2.9-1072,Nicaragua,NIC,93,enrique,bolanos,
Daniel Ortega,A3.0-21,Nicaragua,NIC,93,daniel,ortega,
Calderon Fournier,A2.9-1174,Costa Rica,COS,94,rafael,calderon,
Figueres Olsen,A2.9-1177,Costa Rica,COS,94,jose,figueres,jose maria figueres
Rodriguez Echeverria,A2.9-1180,Costa Rica,COS,94,miguel anel,rodriguez,
Abel Pacheco,A2.9-1183,Costa Rica,COS,94,abel,pacheco,
Arias,A3.0-22,Costa Rica,COS,94,oscar,arias,
Miranda,A3.0-23,Costa Rica,COS,94,laura,chinchilla,
Luis Guillermo Solis,cb-94-1,Costa Rica,COS,94,luis guiellermo,solis,
Carlos Alvarado Quesada,KS-94-2,Costa Rica,COS,94,carlos,alvarado,
Endara,A2.9-1309,Panama,PAN,95,guillermo,endara,
Balladares,A2.9-1312,Panama,PAN,95,ernesto,perez,ernesto perez balladares
Mireya Moscoso,A2.9-1315,Panama,PAN,95,mirea,moscoso,
Martin Torrijos,A2.9-1318,Panama,PAN,95,martin,torrijos,
Martinelli,A3.0-24,Panama,PAN,95,ricardo,martinelli,
Juan Carlos Varela,cb-95-1,Panama,PAN,95,juan carlos,varela,
Andres Perez,A2.9-1555,Venezuela,VEN,101,carlos andres,perez,
Lepage Barreto,A2.9-1555-1,Venezuela,VEN,101,octavio,lepage,
Velasquez,A2.9-1558,Venezuela,VEN,101,ramon,velasquez,
Caldera Rodriguez,A2.9-1561,Venezuela,VEN,101,rafael,caldera,
Hugo Chavez,A2.9-1564,Venezuela,VEN,101,hugo,chavez,
Borja Cevallos,A2.9-1786,Ecuador,ECU,130,rodrigo,borja,
Duran Ballen,A2.9-1789,Ecuador,ECU,130,sixto,duran ballen,
Bucaram Ortiz,A2.9-1792,Ecuador,ECU,130,abdala,bucaram,
Alarcon Fabian,A2.9-1795,Ecuador,ECU,130,fabian,alarcon,
Mahuad,A2.9-1804,Ecuador,ECU,130,jamil,mahuad,
Alfredo Palacio,A3.0-28,Ecuador,ECU,130,alfredo,palacio,
Valentin Paniagua,A2.9-1942,Peru,PER,135,valentin,paniagua,
Alejandro Toledo,A2.9-1945,Peru,PER,135,alejandro,toledo,
Garcia Perez,A3.0-30,Peru,PER,135,alan,garcia,
Ollanta Humala,A3.0-31,Peru,PER,135,ollanta,humala,
Pedro Pablo Kuczynski,cb-135-01,Peru,PER,135,pedro pablo,kuczynski,
Martin Vizcarra Cornejo,ctb-135-01,Peru,PER,135,martin,vizcarra,
Mello,A2.9-2047,Brazil,BRA,140,fernando,collor,fernando collor de mello
"Franco, Itamar",A2.9-2050,Brazil,BRA,140,itamar,franco,
Cardoso,A2.9-2053,Brazil,BRA,140,fernando,cardoso,fernando henrique cardoso
Lula da Silva,A2.9-2056,Brazil,BRA,140,luiz inacio,lula da silva,lula
Rousseff,A3.0-32,Brazil,BRA,140,dilma,rousseff,
Temer,cb-140-1,Brazil,BRA,140,michel,temer,
Paz Zamora,A2.9-2206,Bolivia,BOL,145,jamie,paz,jamie paz zamora
Gonzalo Sanchez de Lozada,A2.9-2209,Bolivia,BOL,145,gonzalo,sanchez,gonzalo sanchez de lozada
Banzer Suarez,A2.9-2212,Bolivia,BOL,145,hugo,banzer,
Jorge Quiroga Ramirez,A2.9-2215,Bolivia,BOL,145,jorge,quiroga,
Gonzalo Sanchez de Lozada,A2.9-2218,Bolivia,BOL,145,gonzalo,sanchez,gonzalo sanchez de lozada
Carlos Mesa,A2.9-2221,Bolivia,BOL,145,carlos,mesa,
Eduardo Rodriguez,A3.0-33,Bolivia,BOL,145,eduardo,rodriguez,
Evo Morales,A3.0-34,Bolivia,BOL,145,evo,morales,
Rodriguez Pedotti,A2.9-2356,Paraguay,PAR,150,andres,rodriguez,
Wasmosy Monti,A2.9-2359,Paraguay,PAR,150,juan carlos,wasmosy,
Cubas Grau,A2.9-2362,Paraguay,PAR,150,raul,cubas,
Gonzalez Macchi,A2.9-2365,Paraguay,PAR,150,luis,gonzalez,luis gonzales macchi
Nicanor Duarte Frutos,A2.9-2368,Paraguay,PAR,150,nicanor,duarte,nicanor duarte frutos
Fernando Lugo,A3.0-35,Paraguay,PAR,150,fernando,lugo,
Federico Franco,cb-150-1,Paraguay,PAR,150,federico,franco,
Horacio Cartes,cb-150-2,Paraguay,PAR,150,horacio,cartes,
Benitez,ctb-150-1,Paraguay,PAR,150,mario,abdo benitez,
Aylwin,A2.9-2500,Chile,CHL,155,patricio,aylwin,
Frei Ruiz-Tagle,A2.9-2503,Chile,CHL,155,eduardo,frei,
Ricardo Lagos Escobar,A2.9-2506,Chile,CHL,155,ricardo,lagos,
Michelle Bachelet,A3.0-36,Chile,CHL,155,michelle ,bachelet,
Sebastian Pinera,cb-155-1,Chile,CHL,155,sebastian,pinera,
Michelle Bachelet,cb-155-2,Chile,CHL,155,michelle,bachelet,
Sebastian Pinera,cb-155-3,Chile,CHL,155,sebastian ,pinera,
Menem,A2.9-2635,Argentina,ARG,160,carlos,menem,
de la Rua,A2.9-2638,Argentina,ARG,160,fernando,de la rua,
Adolfo Rodriguez Saa,A2.9-2644,Argentina,ARG,160,adolfo,rodriguez saa,
Eduardo Duhalde,A2.9-2647,Argentina,ARG,160,eduardo,duhalde,
Nestor Kirchner,A2.9-2650,Argentina,ARG,160,nestor,kirchner,
Fernandez de Kirchner,A3.0-37,Argentina,ARG,160,cristina,fernandez,cristina fernandez de kirchner
Macri,cb.0-38,Argentina,ARG,160,mauricio,macri,
Lacalle de Herrera,A2.9-2788,Uruguay,URU,165,luis alberto,lacalle,
Sanguinetti,A2.9-2791,Uruguay,URU,165,julio,sanguinetti,julio maria sanguinetti
Jorge Batlle,A2.9-2794,Uruguay,URU,165,jorge,batlle,
Tabare Vazquez,A3.0-38,Uruguay,URU,165,tabare,vazquez,
Jose Mujica,A3.0-39,Uruguay,URU,165,jose,mujica,
Tabare Vazquez,cb-165-1,Uruguay,URU,165,tabare,vazauez,
Major,A2.9-2887,United Kingdom,UKG,200,john,major,
Blair,A2.9-2890,United Kingdom,UKG,200,tony,blair,
Brown,A3.0-40,United Kingdom,UKG,200,gordon,brown,
Cameron,A3.0-41,United Kingdom,UKG,200,david,cameron,
May,cb-200-01,United Kingdom,UKG,200,theresa,may,
Haughey,A2.9-2944,Ireland,IRE,205,charles,haughey,
Reynolds,A2.9-2947,Ireland,IRE,205,albert,reynolds,
Bruton,A2.9-2950,Ireland,IRE,205,john,bruton,
Ahern,A2.9-2953,Ireland,IRE,205,bertie,ahern,
B. Cowen,A3.0-42,Ireland,IRE,205,brian,cowen,
E. Kenny,A3.0-43,Ireland,IRE,205,enda,kenny,
Varadkar,se-205-1,Ireland,IRE,205,leo,varadkar,
Lubbers,A2.9-3046,Netherlands,NTH,210,ruud,lubbers,
Kok,A2.9-3049,Netherlands,NTH,210,wim,kok,
Jan Peter Balkenende,A2.9-3052,Netherlands,NTH,210,jan peter,balkenende,
M. Rutte,A3.0-44,Netherlands,NTH,210,mark,rutte,
Martens,A2.9-3202,Belgium,BEL,211,wilfried,martens,
Dehaene,A2.9-3205,Belgium,BEL,211,jena-luc,dehaene,
Verhofstadt,A2.9-3208,Belgium,BEL,211,guy,verhofstadt,
Leterme,A3.0-45,Belgium,BEL,211,yves,leterme,
van Rompuy,A3.0-46,Belgium,BEL,211,herman,van rompuy,
Leterme,A3.0-47,Belgium,BEL,211,yves,leterme,
Di Rupo,A3.0-48,Belgium,BEL,211,elio,di rupo,
Charles Michel,cb-211-1,Belgium,BEL,211,charles,michel,
Santer,A2.9-3262,Luxembourg,LUX,212,jacques,santer,
Juncker,A2.9-3265,Luxembourg,LUX,212,jean-claude,junker,jean claude junker
Bettel,cb-212-1,Luxembourg,LUX,212,xavier,betttel,
Mitterand,A2.9-3613,France,FRN,220,francois,mitterand,
Chirac,A2.9-3616,France,FRN,220,jacques,chirac,
Sarkozy,A3.0-49,France,FRN,220,nicolas,sarkozy,
Hollande,cb-220-1,France,FRN,220,francois,hollande,
Macron,se-220-2,France,FRN,220,emmanuel,macron,
Felber,A2.9-3970,Switzerland,SWZ,225,rene,felber,
Ogi,A2.9-3973,Switzerland,SWZ,225,adolf,ogi,
Stich,A2.9-3976,Switzerland,SWZ,225,otto,stich,
Villiger,A2.9-3979,Switzerland,SWZ,225,kaspar,villiger,
Delamuraz,A2.9-3982,Switzerland,SWZ,225,jean-pascal,delamuraz,
Koller,A2.9-3985,Switzerland,SWZ,225,arnold,koller,
Cotti,A2.9-3988,Switzerland,SWZ,225,flavio,cotti,
Dreifuss,A2.9-3991,Switzerland,SWZ,225,ruth,dreifuss,
Ogi,A2.9-3994,Switzerland,SWZ,225,adolf,ogi,
Leuenberger,A2.9-3997,Switzerland,SWZ,225,moritz,leuenberger,
Villiger,A2.9-4000,Switzerland,SWZ,225,kaspar,villiger,
Pascal Couchepin,A2.9-4003,Switzerland,SWZ,225,pascal,couchepin,
Joseph Deiss,A2.9-4006,Switzerland,SWZ,225,joseph,deiss,
Schmid,A3.0-50,Switzerland,SWZ,225,samuel,schmid,
Leuenberger,A3.0-51,Switzerland,SWZ,225,moritz,leuenberger,
Calmy-Rey,A3.0-52,Switzerland,SWZ,225,micheline,calmy-rey,
Pascal Couchepin,A3.0-53,Switzerland,SWZ,225,pascal,couchepin,
Hans-Rudolf Merz,A3.0-54,Switzerland,SWZ,225,hans-rudolf,merz,
Doris Leuthard,A3.0-55,Switzerland,SWZ,225,doris,leuthard,
Calmy-Rey,A3.0-56,Switzerland,SWZ,225,micheline,calmy-rey,
Widmer-Schlumpf,cb-225-1,Switzerland,SWZ,225,eveline,widmer-schlumpf,
Maurer,cb-225-2,Switzerland,SWZ,225,ueli,maurer,
Burkhalter,cb-225-3,Switzerland,SWZ,225,didier,burkhalter,
Sommaruga,cb-225-4,Switzerland,SWZ,225,simonetta,sommaruga,
Schneider-Ammann,cb-225-5,Switzerland,SWZ,225,johann,schneider-ammann,
Doris Leuthard,se-225-1,Switzerland,SWZ,225,doris,leuthard,
Alain Berset,cb-225-6,Switzerland,SWZ,225,alain,berset,
Gonzalez Marquez,A2.9-4228,Spain,SPN,230,felipe,gonzalez,
Aznar,A2.9-4231,Spain,SPN,230,jose maria,aznar,
Rodriguez Zapatero,A2.9-4234,Spain,SPN,230,jose luis rodriguez,zapatero,
Rajoy Brey,A3.0-57,Spain,SPN,230,mariano,rajoy,
Sanchez,ctb-230-1,Spain,SPN,230,pedro,sanchez,
Soares,A2.9-4291,Portugal,POR,235,mario,soares,
Sampaio,A2.9-4294,Portugal,POR,235,jorge,sampaio,
Cavaco Silva,A3.0-58,Portugal,POR,235,anibal,cavaco silva,
de Sousa,kb-235-1,Portugal,POR,235,marcelo,rebelo de sousa,
Kohl,A2.9-4375,Germany,GMY,255,helmut,kohl,
Schroder,A2.9-4378,Germany,GMY,255,gerhard,schroder,
Merkel,A3.0-59,Germany,GMY,255,angela,merkel,
Walesa,A2.9-4432,Poland,POL,290,lech,walesa,
Kwasniewski,A2.9-4435,Poland,POL,290,alexander,kwasniewski,aleksander kwasniewski
Kaczynski,A3.0-60,Poland,POL,290,lech,kaczynski,
Komorowski,A3.0-61,Poland,POL,290,bronislaw,komorowski,
Schetyna,A3.0-63,Poland,POL,290,grzegorz,schetyna,
Komorowski,A3.0-64,Poland,POL,290,bronislaw,komorowski,
Duda,cb-290-1,Poland,POL,290,adrezej,duda,
Vranitzky,A2.9-4507,Austria,AUS,305,franz,vranitzky,
Klima,A2.9-4510,Austria,AUS,305,viktor,klima,
Schussel,A2.9-4513,Austria,AUS,305,wolfgang,schussel,
Gusenbauer,A3.0-65,Austria,AUS,305,alfred,gusenbauer,
Faymann,A3.0-66,Austria,AUS,305,werner,faymann,
Mitterlehner,cb-305-1,Austria,AUS,305,reinhold,mitterlehner,
Kern,se-305-2,Austria,AUS,305,christian,kern,
Kurz,se-305-3,Austria,AUS,305,sebastian,kurz,
Antall,A2.9-4552,Hungary,HUN,310,jozsef,antall,
Boross,A2.9-4555,Hungary,HUN,310,peter,boross,
Horn,A2.9-4558,Hungary,HUN,310,gyula,horn,
Orban,A2.9-4561,Hungary,HUN,310,viktor,orban,
Peter Medgyessy,A2.9-4564,Hungary,HUN,310,peter,medgyessy,
Ferenc Gyurcsany,A2.9-4567,Hungary,HUN,310,ferenc,gyurcsany,
Bajnai,A3.0-67,Hungary,HUN,310,gordon,bajnai,
Orban,A3.0-68,Hungary,HUN,310,viktor,orban,
Klaus,A2.9-4609,Czech Republic,CZR,316,vaclav,klaus,
Tosovsky,A2.9-4612,Czech Republic,CZR,316,josef,tosovsky,
Zeman,A2.9-4615,Czech Republic,CZR,316,milos,zeman,
Spidla,A2.9-4618,Czech Republic,CZR,316,vladimir,spidla,
Stanislav Gross,A2.9-4621,Czech Republic,CZR,316,stanislav,gross,
Paroubek,A3.0-69,Czech Republic,CZR,316,jiri,paroubek,
Topolanek,A3.0-70,Czech Republic,CZR,316,mirek,topolanek,
Fischer,A3.0-71,Czech Republic,CZR,316,jan,fischer,
Necas,A3.0-72,Czech Republic,CZR,316,petr,necas,
Rusnok,cb-316-1,Czech Republic,CZR,316,jiri,rusnok,
Sobotka,cb-316-2,Czech Republic,CZR,316,bohuslav,sobotka,
Andrej Babis,se-316-3,Czech Republic,CZR,316,andrej,babis,
Meciar,A2.9-4624,Slovak Republic,SLO,317,vladimir,meciar,
Moravcik,A2.9-4627,Slovak Republic,SLO,317,jozef,moravcik,
Meciar,A2.9-4630,Slovak Republic,SLO,317,vladimir,meciar,
Dzurinda,A2.9-4633,Slovak Republic,SLO,317,mikulas,dzurinda,
Fico,A3.0-73,Slovak Republic,SLO,317,robert,fico,
Radicova,A3.0-74,Slovak Republic,SLO,317,iveta,radicova,
Fico,cb-317-1,Slovak Republic,SLO,317,robert,fico,
Pellegrini,ctb-317-1,Slovak Republic,SLO,317,peter,pellegrini,
Andreotti,A2.9-4813,Italy,ITA,325,giulio,andreotti,
Amato,A2.9-4816,Italy,ITA,325,giuliano,amato,
Ciampi,A2.9-4819,Italy,ITA,325,carlo azeglio,ciampi,
Berlusconi,A2.9-4822,Italy,ITA,325,silvio,berlusconi,
Dini,A2.9-4825,Italy,ITA,325,lamberto,dini,
Prodi,A2.9-4828,Italy,ITA,325,romano,prodi,
D'Alema,A2.9-4831,Italy,ITA,325,massimo,d'alema,
Amato,A2.9-4834,Italy,ITA,325,giuliano,amato,
Berlusconi,A2.9-4837,Italy,ITA,325,silvio,berlusconi,
Prodi,A3.0-75,Italy,ITA,325,romano,prodi,
Berlusconi,A3.0-76,Italy,ITA,325,silvio,berlusconi,
Monti,A3.0-77,Italy,ITA,325,mario,monti,
Letta,cb-325-1,Italy,ITA,325,enrico,letta,
Renzi,cb-325-2,Italy,ITA,325,matteo,renzi,
Gentiloni,se-325-1,Italy,ITA,325,paolo,gentiloni,
Conte,ctb-325-1,Italy,ITA,325,giuseppe,conte,
Meta,A2.9-4924,Albania,ALB,339,ilir,meta,
Majko,A2.9-4927,Albania,ALB,339,pandeli,majko,
Fatos Nano,A2.9-4930,Albania,ALB,339,fatos,nano,
Berisha,A3.0-79,Albania,ALB,339,sali,berisha,
Rama,cb-339-1,Albania,ALB,339,edi,rama,
Agim Ceku,joshua-add-5,Kosovo,KOS,341,agim,ceku,
Hashim Thaci,joshua-add-6,Kosovo,KOS,341,hashim,taci,
Isa Mustafa,joshua-add-7,Kosovo,KOS,341,isa,mustafa,
Ramush Haradinaj,joshua-add-8,Kosovo,KOS,341,ramush,haradinaj,
Albin Kurti,joshua-add-9,Kosovo,KOS,341,albin,kurti,
Vojislav Kostunica,joshua-add-10,Serbia,SER,342,vojislav,kostunica,
Mirko Cvetokovic,joshua-add-11,Serbia,SER,342,mriko,cvetkovic,
Ivica Dacic,joshua-add-12,Serbia,SER,342,ivica,dacic,
Aleksandar Vucic,joshua-add-13,Serbia,SER,342,aleksandar,vucic,
Ivica Dacic,joshua-add-14,Serbia,SER,342,ivica,dacic,
Ana Brnabic,joshua-add-15,Serbia,SER,342,ana,brnabic,
Georgievski,A2.9-4957,Macedonia,MAC,343,ljubcho,georgievski,ljubco georgievski
Crvenkovski,A2.9-4960,Macedonia,MAC,343,branko,crvenkovski,
Radmila Sekerinska,A2.9-4963,Macedonia,MAC,343,radmila,sekerinska,
Hari Kostov,A2.9-4966,Macedonia,MAC,343,hari,kostov,
Radmila Sekerinska,A2.9-4969,Macedonia,MAC,343,radmila,sekerinska,
Vlado Buckovski,A2.9-4972,Macedonia,MAC,343,vlado,buckovski,
Gruevski,A3.0-80,Macedonia,MAC,343,nikola,gurevski,
Dimitriev,cb-343-1,Macedonia,MAC,343,emil,dimitriev,
Zaev,se-343-1,Macedonia,MAC,343,zoran,zaev,
Pavletic,A2.9-4978,Croatia,CRO,344,vlatko,pavletic,
Tomcic,A2.9-4981,Croatia,CRO,344,zlatko,tomcic,
Mesic,A2.9-4984,Croatia,CRO,344,stipe,mesic,
Racan,A3.0-81,Croatia,CRO,344,ivica,racan,
Sanader,cb-344-1,Croatia,CRO,344,ivo,sanader,
Kosor,cb-344-2,Croatia,CRO,344,jardranka,kosor,
Milanovic,cb-344-3,Croatia,CRO,344,zoran,milanovic,
Oreskovic,cb-344-4,Croatia,CRO,344,tihomir,oreskovic,
Plenkovic,se-344-5,Croatia,CRO,344,andrej,plenkovic,
Sturanovic,cb-mng-2,Montenegro,MNT,348,zeljko,sturanovic,
Dukanovic,cb-mng-3,Montenegro,MNT,348,milo,djukanovic,
Luksic,cb-mng-4,Montenegro,MNT,348,igor,luksic,
Dukanovic,cb-mng-5,Montenegro,MNT,348,milo,djukanovic,
Dusko Markovic,cb-mng-6,Montenegro,MNT,348,dusko,markovic,
Peterle,A2.9-5074,Slovenia,SLV,349,alojz,peterle,ljze peterle
Drnovsek,A2.9-5077,Slovenia,SLV,349,janez,drnovsek,
Bajuk,A2.9-5080,Slovenia,SLV,349,andrej,bajuk,
Drnovsek,A2.9-5083,Slovenia,SLV,349,janez,drnovsek,
Anton Rop,A2.9-5086,Slovenia,SLV,349,anton,rop,
Janez Jansa,A2.9-5089,Slovenia,SLV,349,janez,jansa,
Borut Pahor,A3.0-93,Slovenia,SLV,349,borut,pahor,
Janez Jansa,cb-349-1,Slovenia,SLV,349,janez,jansa,
Alenka Bratusek,cb-349-2,Slovenia,SLV,349,alenka,bratusek,
Miro Cerar,cb-349-3,Slovenia,SLV,349,miro,cerar,
Sarec,ctb-349-4,Slovenia,SLV,349,marjan,sarec,
Mitsotakis,A2.9-5305,Greece,GRC,350,constantine,mitsotakis,
A. Papandreou,A2.9-5308,Greece,GRC,350,andreas,papandreou,
Tsokhatzopulos,A2.9-5311,Greece,GRC,350,akis,tsochatzopoulos,
Simitis,A2.9-5314,Greece,GRC,350,costas,simitis,konstantinos simitis
Kostas Karamanlis,A2.9-5317,Greece,GRC,350,costas,karamanlis,
Georgios Papandreou,A3.0-94,Greece,GRC,350,george w.,papandreou,
Loukas Papadimos,A3.0-95,Greece,GRC,350,lucas,papademos,
Pikrammenos,cb-350-1,Greece,GRC,350,panagiotis,pikammenos,
Samaras,cb-350-2,Greece,GRC,350,antonis,samaras,
Tsipras,cb-350-3,Greece,GRC,350,alexis,tsipras,
Thanou,cb-350-4,Greece,GRC,350,vassiliki,thanou,
Tsipras,cb-350-5,Greece,GRC,350,alexis,tsipras,
Vassiliou,A2.9-5335,Cyprus,CYP,352,george,vassiliou,
Clerides,A2.9-5338,Cyprus,CYP,352,glafkos,clerides,
Tassos Nikolaou Papadopoulos,A2.9-5341,Cyprus,CYP,352,tassos,papadopoulos ,
Dimitris Christofias,A3.0-96,Cyprus,CYP,352,demetris,christofias,
Nikos Anastasiadis,cb-352-1,Cyprus,CYP,352,nicos,anastasiades,
Dimitrov,A2.9-5377,Bulgaria,BUL,355,philip,dimitrov,
Berov,A2.9-5380,Bulgaria,BUL,355,lyuben,berov,
Indzhova,A2.9-5383,Bulgaria,BUL,355,reneta,indzhova,
Videnov,A2.9-5386,Bulgaria,BUL,355,zhan,videnov,
Sofiyanski,A2.9-5389,Bulgaria,BUL,355,stefan,sofiyanski,
Kostov,A2.9-5392,Bulgaria,BUL,355,ivan,kostov,
Saksgoburggotski,A2.9-5395,Bulgaria,BUL,355,simeon,saxe-coburg-gotha,
Stanishev,A3.0-97,Bulgaria,BUL,355,sergei,stanishev,
Boyko Borisov,A3.0-98,Bulgaria,BUL,355,boyko,borisov,
Marin Raikov,cb-355-1,Bulgaria,BUL,355,marin,raykov,
Plamen Oresharski,cb-355-2,Bulgaria,BUL,355,plamen,oresharski,
Georgi Bliznashki,cb-355-3,Bulgaria,BUL,355,georgi,bliznashki,
Boiko Borisov,cb-355-4,Bulgaria,BUL,355,boyko,borisov,
Ognyan Gerdzhikov,se-355-5,Bulgaria,BUL,355,ognyan,gerdzhikov,
Boiko Borisov,se-355-6,Bulgaria,BUL,355,boyko,borisov,
Snegur,A2.9-5398,Moldova,MLD,359,mircea,snegur,
Lucinschi,A2.9-5401,Moldova,MLD,359,petru,lucinschi,
Tarlev,A2.9-5404,Moldova,MLD,359,vasile,tarlev,
Greceanii,A3.0-99,Moldova,MLD,359,zinaida,greceanii,
Pirlog,A3.0-100,Moldova,MLD,359,vitalie,pirlog,
Vlad Filat,A3.0-101,Moldova,MLD,359,vlad,filat,
Iurie Leanca,cb-359-1,Moldova,MLD,359,iurie,leanca,
Chiril Gaburici,cb-359-2,Moldova,MLD,359,chiril,gaburici,
Natalia Gherman,cb-359-3,Moldova,MLD,359,natalia,gherman,
Valeriu Strelet,cb-359-4,Moldova,MLD,359,valeriu,strelet,
Gheorghe Brega,cb-359-5,Moldova,MLD,359,georghe,brega,
Pavel Filip,cb-359-6,Moldova,MLD,359,pavel,filip,
Vacariou,A2.9-5437,Romania,RUM,360,nicolae,vacaroiu,
Ciorbea,A2.9-5440,Romania,RUM,360,viktor,ciorbea,
Dejeu,A2.9-5443,Romania,RUM,360,gavril,dejeu,
Vasile,A2.9-5446,Romania,RUM,360,radu,vasile,
Athanasiu,A2.9-5449,Romania,RUM,360,alexandru,athansiu,
Isarescu,A2.9-5452,Romania,RUM,360,mugur,isarescu,
A. Nastase,A2.9-5455,Romania,RUM,360,adrian,nastase,
Eugen Bejinariu,A2.9-5458,Romania,RUM,360,eugen,bejinariu,
Traian Basescu,A2.9-5461,Romania,RUM,360,traian,basescu,
Vacariou,cb-360-001,Romania,RUM,360,nicolae,vacaroiu,
Traian Basescu,cb-360-002,Romania,RUM,360,traian,basescu,
Antonescu,A3.0-102,Romania,RUM,360,crin,antonescu,
Traian Basescu,cb-360-1,Romania,RUM,360,traian,basescu,
Iohannis,cb-360-2,Romania,RUM,360,klaus,iohannis,
Siimann,A2.9-5581,Estonia,EST,366,mart,siimann,
Laar,A2.9-5584,Estonia,EST,366,mart,laar,
Kallas,A2.9-5587,Estonia,EST,366,siim,kallas,
Parts,A2.9-5590,Estonia,EST,366,juhan,parts,
Ansip,A3.0-104,Estonia,EST,366,andrus,ansip,
Roivas,cb-366-1,Estonia,EST,366,taavi,roivas,
Ratas,cb-366-2,Estonia,EST,366,juri,ratas,
Godmanis,A2.9-5647,Latvia,LAT,367,ivars,godmanis,
Birkavs,A2.9-5650,Latvia,LAT,367,valdis,birkavs,
Gailis,A2.9-5653,Latvia,LAT,367,maris,gailis,
Skele,A2.9-5656,Latvia,LAT,367,andris,skele,
Krasts,A2.9-5659,Latvia,LAT,367,gunatr,krasts,
Kristopans,A2.9-5662,Latvia,LAT,367,vilis,kristopans,
Skele,A2.9-5665,Latvia,LAT,367,andris,skele,
Berzins,A2.9-5668,Latvia,LAT,367,andris,berzins,
Repse,A2.9-5671,Latvia,LAT,367,einars,repse,
Indulis Emsis,A2.9-5674,Latvia,LAT,367,indulis,emsis,
Aigars Kalvitis,A2.9-5677,Latvia,LAT,367,aigars,kalvitis,
Godmanis,A3.0-105,Latvia,LAT,367,ivars,godmanis,
Dombrovskis,A3.0-106,Latvia,LAT,367,valdis,dombrovskis,
Straujuma,cb-367-1,Latvia,LAT,367,laimdota,straujuma,
Kucinskis,cb-367-2,Latvia,LAT,367,maris,kucinskis,
Landsbergis,A2.9-5698,Lithuania,LIT,368,vytautas,landsbergis,
Brazauskas,A2.9-5701,Lithuania,LIT,368,algirdas,brazauskas,
Adamkus,A2.9-5704,Lithuania,LIT,368,valdas,adamkus,
Paksas,A2.9-5707,Lithuania,LIT,368,rolandas,paksas,
Paulauskas,A2.9-5710,Lithuania,LIT,368,arturas,paulauskas,
Adamkus,A2.9-5713,Lithuania,LIT,368,valdas,adamkus,
Grybauskaite,A3.0-107,Lithuania,LIT,368,dalia,grybauskaite,
Koivisto,A2.9-5806,Finland,FIN,375,mauno,koivisto,
Marthi Ahtisaari,A2.9-5809,Finland,FIN,375,martti,ahtisaari,
Lipponen,cb-375-1,Finland,FIN,375,paavo,lipponen,
Jaatteenmaki,cb-375-2,Finland,FIN,375,anneli,jaatteenmaki,
Vanhanen,cb-375-3,Finland,FIN,375,matti,vanhanen,
Kiviniemi,cb-375-4,Finland,FIN,375,mari,kiviniemi,
Katainen,cb-375-5,Finland,FIN,375,jyrki,katainen,
Stubb,cb-375-6,Finland,FIN,375,alex,stubb,alexander stubb
Sipila,cb-375-7,Finland,FIN,375,juha,sipila,
Bildt,A2.9-5932,Sweden,SWD,380,carl,bildt,
Carlsson,A2.9-5935,Sweden,SWD,380,ingvar,carlsson,
Persson,A2.9-5938,Sweden,SWD,380,goran,persson,
Reinfeldt,A3.0-113,Sweden,SWD,380,fredrik,reinfeldt,
Lofven,cb-380-1,Sweden,SWD,380,stefan,lofven,
Brundtland,A2.9-6046,Norway,NOR,385,gro harlem,brundtland,
Jagland,A2.9-6049,Norway,NOR,385,thorbjorn,jagland,
Bondevik,A2.9-6052,Norway,NOR,385,kjell,bondevik,kjell magne bondevik
Lahnstein,A2.9-6055,Norway,NOR,385,erik,lahnstein,
Bondevik,A2.9-6058,Norway,NOR,385,kjell,bondevik,kjell magne bondevik
Stoltenberg,A2.9-6061,Norway,NOR,385,jens,stoltenberg,
Bondevik,A2.9-6064,Norway,NOR,385,kjell,bondevik,kjell magne bondevik
Stoltenberg,A3.0-114,Norway,NOR,385,jens,stoltenberg,
Solberg,cb-385-1,Norway,NOR,385,erna,solverg,
Schluter,A2.9-6166,Denmark,DEN,390,poul,schluter,
Nyrup Rasmussen,A2.9-6169,Denmark,DEN,390,poul,rasmussen,poul nyrup rasmussen
Fogh Rasmussen,A2.9-6172,Denmark,DEN,390,anders,rasmussen,anders fogh rasmussen
Lokke Rasmussen,A3.0-115,Denmark,DEN,390,lars,rasmussen,lars lokke rasmussen
Thorning-Schmidt,A3.0-116,Denmark,DEN,390,helle,thorning-schmidt,
Rasmussen,cb-390-1,Denmark,DEN,390,lars,rasmussen,lars lokke rasmussen
Veiga,A2.9-6241,Cape Verde,CAP,402,carlos,veiga,
do Rosario,A2.9-6244,Cape Verde,CAP,402,gualberto,do rosario,
Neves,A2.9-6247,Cape Verde,CAP,402,jose,neves,jose maria neves
Correia e Silva,nm-402-1,Cape Verde,CAP,402,ulisses,correia e silva,
John Agyekum Kufuor,A2.9-6568,Ghana,GHA,452,john,kufuor,
Atta Mills,A3.0-137,Ghana,GHA,452,john,atta mills,
Mahama,cb-452-1,Ghana,GHA,452,john,mahama,
Akufo-Addo,se-452-2,Ghana,GHA,452,nana,akufo-addo,
Moi,A2.9-6739,Kenya,KEN,501,daniel arap,moi,
Mwai Kibaki,A2.9-6742,Kenya,KEN,501,mwai,kibaki,
Kenyatta,cb-501-1,Kenya,KEN,501,uhuru,kenyatta,
deKlerk,A2.9-6940,South Africa,SAF,560,f.w.,de klerk,
Mandela,A2.9-6943,South Africa,SAF,560,nelson,mandela,
Mbeki,A2.9-6946,South Africa,SAF,560,thabo,mbeki,
Motlanthe,A3.0-150,South Africa,SAF,560,kgalema,motlanthe,
Zuma,A3.0-151,South Africa,SAF,560,jacob,zuma,
Ramaphosa,clb-560--01,South Africa,SAF,560,cyril,ramaphosa,
Mosisili,A2.9-7024,Lesotho,LES,570,pakalitha,mosisili,
Thabane,cb-570-1,Lesotho,LES,570,thomas,thabane,tom thabane
Mosisili,cb-570-2,Lesotho,LES,570,pakalitha,mosisili,
Thabane,se-570-3,Lesotho,LES,570,thomas,thabane,tom thabane
Masire,A2.9-7030,Botswana,BOT,571,ketumile,masire,quett masire
Mogae,A2.9-7033,Botswana,BOT,571,festus,mogae,
Ian Khama,A3.0-153,Botswana,BOT,571,ian,khama,
Mokgweetsi Masisi,ks-571-01,Botswana,BOT,571,mokgweetsi,masisi,
Azali Assoumani,A2.9-7111,Comoros,COM,581,azali,assoumani,
Sambi,A3.0-155,Comoros,COM,581,ahmed,sambi,
Dhoinine,A3.0-156,Comoros,COM,581,ikililou,dhoinine,
Assoumani,jb-581-1,Comoros,COM,581,azali,assoumani,
Anerood Jugnauth,A2.9-7117,Mauritius,MAS,590,anerood,jugnauth,
Ramgoolam N.,A2.9-7120,Mauritius,MAS,590,navin,ramgoolam,
Anerood Jugnauth,A2.9-7123,Mauritius,MAS,590,anerood,jugnauth,
Paul Berenger,A2.9-7126,Mauritius,MAS,590,paul,berenger,
Ramgoolam N.,A3.0-157,Mauritius,MAS,590,navin,ramgoolam,
Anerood Jugnauth,cb-590-1,Mauritius,MAS,590,anerood,jugnauth,
Pravind Jugnauth,se-590-2,Mauritius,MAS,590,pravin,jugnauth,
Demirel,A2.9-7345,Turkey,TUR,640,suleyman,demirel,
Erdal Inonu,A2.9-7348,Turkey,TUR,640,erdal,inonu,
Ciller,A2.9-7351,Turkey,TUR,640,tansu,ciller,
Yilmaz,A2.9-7354,Turkey,TUR,640,mesut,yilmaz,
Erbakan,A2.9-7357,Turkey,TUR,640,necmettin,erbakan,
Yilmaz,A2.9-7360,Turkey,TUR,640,mesut,yilmaz,
Ecevit,A2.9-7363,Turkey,TUR,640,bulent,ecevit,
Abdullah Gul,A2.9-7366,Turkey,TUR,640,abdullah,gul,
Erdogan,A2.9-7369,Turkey,TUR,640,recep tayyip,erdogan,
Ochirbat,A2.9-7912,Mongolia,MON,712,punsalmaagiyn,ochirbat,
Bagabandi,A2.9-7915,Mongolia,MON,712,natsagiin,bagabandi,
Enkhbayar,A3.0-178,Mongolia,MON,712,namburiin,enkhbayar,
Elbegdorj,A3.0-179,Mongolia,MON,712,tsakhiagiin,elbegdorj,
Khaltmaagiin Battulga,se-712-1,Mongolia,MON,712,kjaltmaagiin,battulga,
Lee Tenghui,joshua-add-1,Taiwan,TAW,713,teng-hui,lee,lee teng-hui
Chen Shuibian,joshua-add-2,Taiwan,TAW,713,shui-bian,chen,chen shui-bian
Ma Yingjeou,joshua-add-3,Taiwan,TAW,713,ying-jeou,ma,ma ying-jeou
Tsai Ingwen,joshua-add-4,Taiwan,TAW,713,ing-wen,tsai,tsai ing-wen
Kim Young Sam,A2.9-7975,Korea South,ROK,732,young-sam,kim,kim young sam
Kim Dae Jung,A2.9-7978,Korea South,ROK,732,dae-jung,kim,kim dae jung
Roh Moo Hyun,A2.9-7981,Korea South,ROK,732,moo-hyun,roh,roh moo hyun
Lee Myung Bak,A3.0-182,Korea South,ROK,732,myung-bak,lee,lee myung bak
Park Geun Hye,cb-732-1,Korea South,ROK,732,geun-hye,park,park geun hye
Hwang Kyo Ahn,se-732-2,Korea South,ROK,732,kyo-ahn,hwang,hwang kyo ahn
Moon Jae-in,se-732-3,Korea South,ROK,732,jae-in,moon,moon jae in
Miyazawa,A2.9-8185,Japan,JPN,740,kiichi,miyazawa,
Hosokawa,A2.9-8188,Japan,JPN,740,morihito,hosokawa,
Hata,A2.9-8191,Japan,JPN,740,tsutomu,hata,
Murayama,A2.9-8194,Japan,JPN,740,tomiichi,murayama,
Hashimoto,A2.9-8197,Japan,JPN,740,ryutaro,hashimoto,
Obuchi,A2.9-8200,Japan,JPN,740,keizo,obuchi,
Yoshiro Mori,A2.9-8206,Japan,JPN,740,yoshiro,mori,
Junichiro Koizumi,A2.9-8209,Japan,JPN,740,junichiro,koizumi,
Shinzo Abe,A3.0-183,Japan,JPN,740,shinzo,abe,abe shinzo
Yasuo Fukuda,A3.0-184,Japan,JPN,740,yasuo,fukuda,
Taro Aso,A3.0-185,Japan,JPN,740,taro,aso,
Hatoyama Yukio,A3.0-186,Japan,JPN,740,yukio,hatoyama,
Naoto Kan,A3.0-187,Japan,JPN,740,naoto,kan,
Yoshihiko Noda,A3.0-188,Japan,JPN,740,yoshihiko,noda,
Shinzo Abe,cb-740-1,Japan,JPN,740,shinzo,abe,abe shinzo
Rao,A2.9-8245,India,IND,750,narasimha,rao,p.v. narasimha rao
Vajpayee,A2.9-8248,India,IND,750,atal bihari,vajpayee,
Gowda,A2.9-8251,India,IND,750,deve,gowda,
Gujral,A2.9-8254,India,IND,750,inder,gujral,
Vajpayee,A2.9-8257,India,IND,750,atal bihari,vajpayee,
Manmohan Singh,A2.9-8260,India,IND,750,manmohan,singh,
Narendra Modi,cb-750-1,India,IND,750,narendra,modi,
Sharif,A2.9-8338,Pakistan,PAK,770,nawaz,sharif,
Mazari,A2.9-8341,Pakistan,PAK,770,balakh sher,mazari,
Sharif,A2.9-8344,Pakistan,PAK,770,nawaz,sharif,
Qureshi,A2.9-8347,Pakistan,PAK,770,moeen,qureshi,
Bhutto Benazir,A2.9-8350,Pakistan,PAK,770,benazir,bhutto,
Khalid,A2.9-8353,Pakistan,PAK,770,mera,khalid,
Sharif,A2.9-8356,Pakistan,PAK,770,nawaz,sharif,
Zardari,A3.0-194,Pakistan,PAK,770,,,
Sharif,cb-770-1,Pakistan,PAK,770,nawaz,sharif,
Abbasi,cb-770-2,Pakistan,PAK,770,shalid khaqan,abbasi,
Mulk,ctb-770-3,Pakistan,PAK,770,nasiurl,mulk,
Imran Khan,ctb-770-4,Pakistan,PAK,770,imran,khan,
Panyarachun,A2.9-8626,Thailand,THI,800,panyarachun,anand,anand panyarachun
Kraprayoon,A2.9-8629,Thailand,THI,800,kraprayoon,suchinda,suchinda kraprayoon
Panyarachun,A2.9-8632,Thailand,THI,800,panyarachun,anand,anand panyarachun
Leekpai,A2.9-8635,Thailand,THI,800,leekpai,chuan,chuan leekpai
Silpa-Archa,A2.9-8638,Thailand,THI,800,silpa-archa,banharn,banharn silpa-archa
Chavalit Yongchaiyudh,A2.9-8641,Thailand,THI,800,yongchaiyudh,chavalit,chavalit yongchaiyudh
Leekpai,A2.9-8644,Thailand,THI,800,leekpai,chuan,chaun leekpai
Thaksin Shinawatra,A2.9-8647,Thailand,THI,800,shinawatra,thaksin,thaksin shinawatra
Vejjajiva,A3.0-210,Thailand,THI,800,vejjajiva,abhisit,abhisit vejjajiva
Yingluck,A3.0-211,Thailand,THI,800,shinawatra,yingluck,yingluck shinawatra
Aquino,A2.9-8839,Philippines,PHI,840,corazon,aquino,
Ramos,A2.9-8842,Philippines,PHI,840,fidel,ramos,
Estrada,A2.9-8845,Philippines,PHI,840,joseph,estrada,
Gloria Macapagal-Arroyo,A2.9-8848,Philippines,PHI,840,gloria,arroyo,
Benigno Aquino III,A3.0-215,Philippines,PHI,840,benigno,aquino,
Rodrigo Duterte,jb-840-1,Philippines,PHI,840,rodrigo,duterte,
Megawati Sukarnoputri,A2.9-8872,Indonesia,INS,850,sukarnoputri,megawati,
Bambang Yudhoyono,A2.9-8875,Indonesia,INS,850,susilo bambang,yudhoyono,
Joko Widodo,cb-850-1,Indonesia,INS,850,joko,widodo,jokowi
Keating,A2.9-8965,Australia,AUL,900,paul,keating,
Howard,A2.9-8968,Australia,AUL,900,john,howard,
Rudd,A3.0-217,Australia,AUL,900,kevin,rudd,
Gillard,A3.0-218,Australia,AUL,900,julia,gillard,
Rudd,cb-900-1,Australia,AUL,900,kevin,rudd,
Abbott,cb-900-2,Australia,AUL,900,tony,abott,
Turnbull,cb-900-3,Australia,AUL,900,malcolm,turnbull,
Morrison,ctb-900-1,Australia,AUL,900,scott,morrisson,
Bolger,A2.9-9061,New Zealand,NEW,920,jimmy,bolger,
Shipley,A2.9-9064,New Zealand,NEW,920,jenny,shipley,
Clark,A2.9-9067,New Zealand,NEW,920,helen,clark,
John Key,A3.0-220,New Zealand,NEW,920,john,key,
Bill English,se-920-1,New Zealand,NEW,920,bill,english,
Jacinda Ardern,se-920-2,New Zealand,NEW,920,jacinda,ardern,
Mamaloni,A2.9-9082,Solomon Islands,SOL,940,solomon,mamaloni,
Hilly,A2.9-9085,Solomon Islands,SOL,940,francis,hilly,billy hilly
Mamaloni,A2.9-9088,Solomon Islands,SOL,940,solomon,mamaloni,
Ulufa'alu,A2.9-9091,Solomon Islands,SOL,940,bartholomew,ulufa'alu,
Kemakeza,A2.9-9097,Solomon Islands,SOL,940,allen,kemakeza,
Rini,A3.0-221,Solomon Islands,SOL,940,snyder,rini,
Sogavare,A3.0-222,Solomon Islands,SOL,940,manasseh,sogavare,
Sikua,A3.0-223,Solomon Islands,SOL,940,derek,sikua,
Danny Philip,A3.0-224,Solomon Islands,SOL,940,danny,philip,
Darcy Lilo,A3.0-225,Solomon Islands,SOL,940,gordon,lilo,gordon darcy lilo
Sogavare,cb-940-1,Solomon Islands,SOL,940,manasseh,sogavare,
Rick Houenipwela,se-940-2,Solomon Islands,SOL,940,rick,houenipwela,
